{
  "project_info": {
    "project_number": "213943589422",
    "project_id": "flutter-project-heimdall",
    "storage_bucket": "flutter-project-heimdall.appspot.com"
  },
  "client": [
    {
      "client_info": {
        "mobilesdk_app_id": "1:213943589422:android:a3f25395afa2fa601a1dbf",
        "android_client_info": {
          "package_name": "com.example.project_heimdall"
        }
      },
      "oauth_client": [],
      "api_key": [
        {
          "current_key": "AIzaSyDMtz4S2UrNiDIPwLheZn7pDxaus1c_r7I"
        }
      ],
      "services": {
        "appinvite_service": {
          "other_platform_oauth_client": []
        }
      }
    }
  ],
  "configuration_version": "1"
}