{
  "project_info": {
    "project_number": "273341264010",
    "project_id": "skyroom-4cb1e",
    "storage_bucket": "skyroom-4cb1e.appspot.com"
  },
  "client": [
    {
      "client_info": {
        "mobilesdk_app_id": "1:273341264010:android:41812d6d326bff776ffd73",
        "android_client_info": {
          "package_name": "com.example.sky_room"
        }
      },
      "oauth_client": [],
      "api_key": [
        {
          "current_key": "AIzaSyDocE9nxUFQIuL035FtfMrWXf30FIti5v8"
        }
      ],
      "services": {
        "appinvite_service": {
          "other_platform_oauth_client": []
        }
      }
    }
  ],
  "configuration_version": "1"
}